idx,pid,fold,label,predicted,correct,mask_fraction,shap_energy_in_mask,shap_pointing_hit,cam_energy_in_mask,cam_pointing_hit,pointing_chance,completeness_sum_shap,completeness_f_minus_baseline
202,99089,0,meningioma,meningioma,True,0.010084502551020409,0.07612745463848114,True,0.07271351665258408,True,0.014987244897959183,0.6193259358406067,0.6376388072967529
249,102929,0,meningioma,pituitary,False,0.010542889030612245,0.02975705824792385,False,0.02428555302321911,False,0.015644929846938774,-0.046299129724502563,-0.09142456948757172
271,104167,0,meningioma,meningioma,True,0.019989636479591837,0.10931017249822617,True,0.095979243516922,False,0.026705994897959183,0.6696142554283142,0.6586275100708008
298,106534,0,meningioma,meningioma,True,0.004045758928571429,0.011282679624855518,False,0.0177596602588892,False,0.007334183673469388,0.5911783576011658,0.5844953060150146
325,107494,0,meningioma,meningioma,True,0.007732780612244898,0.06519119441509247,True,0.03447690233588219,False,0.012436224489795918,0.6486960649490356,0.6844487190246582
349,111077,0,meningioma,meningioma,True,0.004942602040816327,0.019952723756432533,False,0.008579304441809654,False,0.008410395408163265,0.5711648464202881,0.4639182388782501
352,111077,0,meningioma,meningioma,True,0.00723453443877551,0.039497971534729004,True,0.016179483383893967,False,0.011658960459183673,0.35872524976730347,0.4125730097293854
381,112648,0,meningioma,pituitary,False,0.009347098214285714,0.07190006971359253,True,0.0701775923371315,True,0.014190051020408163,-0.08244873583316803,0.2021004557609558
438,99308,0,meningioma,meningioma,True,0.02724410076530612,0.21836869418621063,True,0.15586577355861664,True,0.03517617984693878,0.8035492300987244,0.6613163948059082
507,104167,0,meningioma,meningioma,True,0.02849968112244898,0.17508217692375183,True,0.1971156895160675,True,0.036252391581632654,0.3558841645717621,0.462565153837204
541,106720,0,meningioma,meningioma,True,0.05377072704081633,0.28750142455101013,True,0.32789871096611023,True,0.06467235331632654,0.8408693075180054,0.7674738168716431
550,107190,0,meningioma,meningioma,True,0.0029296875,0.006233557593077421,False,0.0,False,0.005739795918367347,0.5967456102371216,0.562828540802002
628,113435,0,meningioma,meningioma,True,0.05805564413265306,0.10859908163547516,False,0.18013687431812286,True,0.06947544642857142,0.291233628988266,0.31142714619636536
690,99089,0,meningioma,meningioma,True,0.011579241071428572,0.0424564890563488,False,0.04459165781736374,False,0.016481983418367346,0.5776399374008179,0.6001332998275757
781,112105,0,glioma,meningioma,False,0.01953125,0.038837824016809464,False,0.026042722165584564,False,0.026407047193877552,-0.3827407956123352,-0.3591352701187134
850,106494,0,glioma,meningioma,False,0.022082270408163265,0.12069876492023468,True,0.0007669844198971987,False,0.029316804846938774,-0.3399987518787384,-0.43801936507225037
859,112105,0,glioma,glioma,True,0.04934630102040816,0.10753798484802246,True,0.2259286493062973,True,0.05974968112244898,0.39013490080833435,0.3828943371772766
900,95142,0,glioma,glioma,True,0.044064891581632654,0.08090966194868088,False,0.1368107944726944,True,0.057896205357142856,0.0203205868601799,-0.003989458084106445
903,95142,0,glioma,glioma,True,0.036451690051020405,0.071861632168293,True,0.05258890986442566,True,0.046396683673469385,0.06421592831611633,0.07268345355987549
1109,110993,0,pituitary,pituitary,True,0.006417410714285714,0.011226851493120193,False,0.002475032117217779,False,0.010443239795918368,0.842898428440094,0.7248152494430542
1167,105936,0,pituitary,pituitary,True,0.004544005102040816,0.006033104378730059,False,0.0036386996507644653,False,0.007952008928571428,0.6714591383934021,0.7248427867889404
1362,104684,0,pituitary,pituitary,True,0.012496014030612245,0.02035866305232048,False,0.024201195687055588,False,0.018136160714285716,0.6979826092720032,0.7247669696807861
1369,104912,0,pituitary,pituitary,True,0.003527582908163265,0.012396891601383686,False,0.005821432918310165,False,0.006576849489795918,0.9698730707168579,0.7227345705032349
1448,99223,0,pituitary,pituitary,True,0.005839445153061225,0.027938993647694588,True,0.004468724597245455,False,0.009685905612244899,0.509228527545929,0.6027296781539917
1492,103046,0,pituitary,pituitary,True,0.002849968112244898,0.005900649353861809,False,0.0036321012303233147,False,0.005600286989795918,0.4718225300312042,0.7229125499725342
1551,104684,0,pituitary,pituitary,True,0.01030373086734694,0.037074457854032516,False,0.023532602936029434,False,0.01526626275510204,0.8614915013313293,0.7213325500488281
1818,98874,0,pituitary,pituitary,True,0.0065170599489795915,0.013487313874065876,False,0.00026131272898055613,False,0.010642538265306123,0.5588801503181458,0.5656944513320923
1867,MR048944,0,glioma,meningioma,False,0.01468829719387755,0.07129640877246857,True,0.0,False,0.020448022959183673,-0.5401968359947205,-0.5230761170387268
1869,MR048944,0,glioma,meningioma,False,0.007653061224489796,0.013069326058030128,False,0.0,False,0.011957908163265306,-0.2843795120716095,-0.4867822527885437
2113,MR034997,0,glioma,glioma,True,0.017598054846938774,0.03373846039175987,True,0.06230856105685234,False,0.024115114795918366,0.35598063468933105,0.4531590938568115
2294,MR049453B,0,glioma,glioma,True,0.005241549744897959,0.014181463979184628,False,0.006008513737469912,False,0.008769132653061224,0.1847931295633316,0.2802013158798218
2464,MR029209G,0,glioma,glioma,True,0.020448022959183673,0.0353211909532547,False,0.05926045775413513,False,0.029854910714285716,0.39130672812461853,0.4531072974205017
2580,MR051651B,0,glioma,glioma,True,0.012595663265306123,0.05750632658600807,True,0.03334364667534828,True,0.018096301020408163,0.22604866325855255,0.3019189238548279
2660,MR029209E,0,glioma,glioma,True,0.028918207908163265,0.05150093510746956,False,0.11550898104906082,True,0.03764748086734694,0.3551628589630127,0.4546164274215698
2968,MR051644B,0,glioma,glioma,True,0.016043526785714284,0.04120256006717682,True,0.04913114756345749,False,0.0223812181122449,0.29841819405555725,0.45503389835357666
193,98241,1,meningioma,meningioma,True,0.03049266581632653,0.22595742344856262,True,0.24079373478889465,True,0.038743622448979595,0.6025732159614563,0.7014936208724976
225,101016,1,meningioma,meningioma,True,0.0253109056122449,0.24582313001155853,True,0.20601773262023926,True,0.03274473852040816,0.7360256910324097,0.7192755341529846
255,103673,1,meningioma,pituitary,False,0.010243941326530613,0.034240663051605225,True,0.05775143578648567,False,0.015505420918367346,-0.4933564364910126,-0.2807026505470276
257,103673,1,meningioma,pituitary,False,0.013671875,0.059065528213977814,True,0.11290430277585983,False,0.019192442602040817,-0.43176770210266113,-0.2803698182106018
334,108590,1,meningioma,meningioma,True,0.005082110969387755,0.023596569895744324,False,0.02375984750688076,False,0.008729272959183673,0.8328605890274048,0.7168294191360474
413,97737,1,meningioma,meningioma,True,0.006556919642857143,0.03726440295577049,False,0.028404777869582176,False,0.0107421875,0.8463436961174011,0.7038450241088867
423,98241,1,meningioma,meningioma,True,0.02503188775510204,0.2024727761745453,True,0.20040616393089294,True,0.03240593112244898,0.763772189617157,0.714627742767334
458,101016,1,meningioma,meningioma,True,0.020667251275510203,0.12201638519763947,True,0.17454953491687775,True,0.027303890306122448,0.37515875697135925,0.7192649245262146
552,107248,1,meningioma,pituitary,False,0.014548788265306123,0.040588486939668655,False,0.03493784740567207,False,0.020567602040816327,-0.22326985001564026,-0.2673169672489166
704,99815,1,meningioma,meningioma,True,0.02570950255102041,0.18943588435649872,True,0.205458402633667,True,0.033103475765306124,0.5447529554367065,0.7191188931465149
843,103148,1,glioma,glioma,True,0.006636639030612245,0.042633771896362305,True,4.286548573873006e-06,False,0.010582748724489796,0.1901855617761612,0.13088509440422058
953,108858,1,pituitary,pituitary,True,0.003248565051020408,0.008708762004971504,False,0.007017481606453657,False,0.006138392857142857,0.9463263750076294,0.7634507417678833
1009,112847,1,pituitary,pituitary,True,0.005739795918367347,0.03679103031754494,False,0.015674589201807976,False,0.009606186224489796,0.954312801361084,0.7616347074508667
1147,112847,1,pituitary,pituitary,True,0.006716358418367347,0.029047511518001556,False,0.003470827592536807,False,0.010901626275510204,0.8851568102836609,0.7643241882324219
1164,114094,1,pituitary,pituitary,True,0.022999043367346938,0.025191422551870346,False,0.019065454602241516,False,0.030233577806122448,1.0288652181625366,0.7641516923904419
1295,102648,1,pituitary,glioma,False,0.007035235969387755,0.00815486628562212,False,0.010899116285145283,False,0.011160714285714286,-0.18690939247608185,-0.19548751413822174
1337,103731,1,pituitary,pituitary,True,0.00701530612244898,0.02548915334045887,False,0.006560503039509058,False,0.010961415816326531,1.059636116027832,0.7484360933303833
1514,103670,1,pituitary,pituitary,True,0.00332828443877551,0.008078969083726406,False,0.0020542319398373365,False,0.0071548150510204085,0.7878463268280029,0.7643148899078369
1525,103731,1,pituitary,pituitary,True,0.013891103316326531,0.029934367164969444,False,0.016146447509527206,False,0.020228794642857144,0.6007491946220398,0.7642730474472046
1671,102648,1,pituitary,pituitary,True,0.003308354591836735,0.0026085327845066786,False,0.00011173824896104634,False,0.006536989795918368,0.47940176725387573,0.5892986059188843
1679,103257,1,pituitary,pituitary,True,0.009247448979591837,0.008730238303542137,False,0.008732825517654419,False,0.014090401785714286,0.5388099551200867,0.7642163038253784
1683,103257,1,pituitary,pituitary,True,0.005022321428571429,0.002824861789122224,False,0.0014352749567478895,False,0.008928571428571428,0.5835713148117065,0.7642024755477905
1701,103670,1,pituitary,pituitary,True,0.0042251275510204085,0.003665887750685215,False,0.003711184486746788,False,0.007732780612244898,0.759965717792511,0.7641572952270508
1755,105475,1,pituitary,pituitary,True,0.001833545918367347,0.0028094297740608454,False,0.000980441109277308,False,0.004105548469387755,0.781019389629364,0.7636319398880005
1788,97599,1,pituitary,pituitary,True,0.0018136160714285715,0.001051548169925809,False,0.000959396711550653,False,0.004145408163265306,0.8998180627822876,0.7623248100280762
1882,MR049142,1,glioma,glioma,True,0.008948501275510204,0.01502048410475254,False,0.018133778125047684,False,0.013691804846938776,0.2384009063243866,0.2974834144115448
1889,MR048994B,1,glioma,glioma,True,0.040935905612244895,0.11910521239042282,False,0.11982514709234238,True,0.05117984693877551,0.4454496204853058,0.5163791179656982
1975,MR050791B,1,glioma,glioma,True,0.006536989795918368,0.015681128948926926,False,0.009465966373682022,False,0.010901626275510204,0.2409721314907074,0.4965229332447052
1982,MR050791B,1,glioma,glioma,True,0.02489237882653061,0.05005178228020668,False,0.053928304463624954,False,0.0322265625,0.4764314591884613,0.515633225440979
2243,MR048994,1,glioma,glioma,True,0.020467952806122448,0.05956073850393295,True,0.07035988569259644,True,0.02734375,0.24334077537059784,0.46319833397865295
2344,MR033389B,1,glioma,glioma,True,0.04185267857142857,0.08138171583414078,False,0.06641718745231628,False,0.05149872448979592,0.39726537466049194,0.5152044296264648
2863,MR048994B,1,glioma,glioma,True,0.013193558673469387,0.027182575315237045,False,0.041972462087869644,False,0.021863042091836735,0.40378400683403015,0.5163209438323975
90,106914,2,meningioma,glioma,False,0.018514827806122448,0.12764710187911987,True,0.09361143410205841,False,0.025589923469387755,0.27254727482795715,0.15589165687561035
128,111366,2,meningioma,meningioma,True,0.0244937818877551,0.039436277002096176,False,0.07112438231706619,False,0.03226642219387755,0.490551233291626,0.680294394493103
141,112062,2,meningioma,meningioma,True,0.008988360969387755,0.07013987749814987,True,0.05429571494460106,False,0.01371173469387755,0.8384706974029541,0.880718469619751
240,102675,2,meningioma,glioma,False,0.0038863201530612247,0.013105233199894428,False,0.026649294421076775,False,0.007314253826530612,-0.08000470697879791,-0.08395279943943024
284,105555,2,meningioma,glioma,False,0.0037667410714285715,0.022264039143919945,True,0.005175478290766478,False,0.007294323979591837,0.39324668049812317,0.3082994222640991
291,106284,2,meningioma,pituitary,False,0.025689572704081634,0.20857031643390656,True,0.23817157745361328,True,0.03334263392857143,0.30802804231643677,0.20810851454734802
302,106665,2,meningioma,meningioma,True,0.04153380102040816,0.3287065029144287,True,0.3387308120727539,True,0.05139907525510204,0.49419519305229187,0.8803594708442688
514,104695,2,meningioma,meningioma,True,0.012017697704081632,0.14282827079296112,True,0.11296670138835907,False,0.017239317602040817,0.7923081517219543,0.7891696691513062
537,106665,2,meningioma,meningioma,True,0.04807079081632653,0.3277736306190491,True,0.4011867940425873,True,0.058294802295918366,1.042578935623169,0.8804691433906555
538,106665,2,meningioma,meningioma,True,0.048828125,0.27032437920570374,True,0.3879835605621338,True,0.05895248724489796,0.9059510827064514,0.8691754937171936
585,110808,2,meningioma,glioma,False,0.0024912308673469387,0.016841521486639977,True,0.013928843662142754,False,0.00506218112244898,-0.16092641651630402,-0.08291565626859665
1195,107743,2,pituitary,pituitary,True,0.005660076530612245,0.005016556940972805,False,0.005567486397922039,False,0.009426817602040817,0.5808074474334717,0.7394322156906128
1348,104019,2,pituitary,pituitary,True,0.0015943877551020409,0.007041752338409424,True,0.004623111803084612,False,0.0038464604591836736,0.8806250691413879,0.7387503385543823
1399,97461,2,pituitary,pituitary,True,0.014130261479591837,0.025810860097408295,False,0.04901647940278053,False,0.01975047831632653,0.7829781174659729,0.7387077212333679
1425,98871,2,pituitary,pituitary,True,0.0071548150510204085,0.027986949309706688,False,0.024408498778939247,False,0.011459661989795918,0.7012506723403931,0.7371659278869629
1467,101029,2,pituitary,pituitary,True,0.008510044642857142,0.00878499262034893,False,0.006177698727697134,False,0.013173628826530613,0.6728225946426392,0.7395554184913635
1588,97461,2,pituitary,pituitary,True,0.03148915816326531,0.0368754044175148,False,0.027994537726044655,False,0.039740114795918366,0.6916179656982422,0.7396178841590881
1649,101029,2,pituitary,pituitary,True,0.008031728316326531,0.010789291001856327,False,0.0051855044439435005,False,0.012396364795918368,0.8027501106262207,0.7396116852760315
1699,103582,2,pituitary,pituitary,True,0.003308354591836735,0.005719506647437811,False,0.004977664910256863,False,0.006716358418367347,0.6026633381843567,0.739467442035675
1725,104558,2,pituitary,pituitary,True,0.012934470663265306,0.0251452773809433,False,0.019921647384762764,False,0.01975047831632653,0.3504948019981384,0.7386246919631958
1775,97461,2,pituitary,pituitary,True,0.016262755102040817,0.013256133534014225,False,0.013391519896686077,False,0.02206234056122449,0.9365906715393066,0.739521324634552
1778,97461,2,pituitary,pituitary,True,0.011519451530612245,0.01129612885415554,False,0.01653677225112915,False,0.017139668367346938,0.762768566608429,0.7391077876091003
1859,MR048621B,2,glioma,glioma,True,0.04827008928571429,0.0778699442744255,False,0.19636012613773346,True,0.05905213647959184,0.38503122329711914,0.37947237491607666
2022,MR051644,2,glioma,glioma,True,0.02672592474489796,0.09435321390628815,True,0.05609317123889923,False,0.03497688137755102,0.47666558623313904,0.3779558539390564
2421,MR048621B,2,glioma,glioma,True,0.02658641581632653,0.036954861134290695,False,0.0382043682038784,False,0.0359733737244898,0.5430367588996887,0.3795897960662842
2565,MR051644,2,glioma,glioma,True,0.05213647959183673,0.11574307084083557,False,0.13852228224277496,False,0.06441326530612244,0.47288405895233154,0.37963104248046875
2948,MR051796,2,glioma,glioma,True,0.025111607142857144,0.053399570286273956,False,0.06636308878660202,False,0.03264508928571429,0.55572909116745,0.3780013918876648
3011,MR054875,2,glioma,glioma,True,0.00390625,0.006756655406206846,False,0.003567779902368784,False,0.007075095663265306,0.46728333830833435,0.37403279542922974
133,111532,3,meningioma,meningioma,True,0.021643813775510203,0.22429601848125458,True,0.1525297909975052,True,0.02897799744897959,0.8519913554191589,0.80031818151474
266,103925,3,meningioma,meningioma,True,0.009626116071428572,0.0372956246137619,False,0.003598630428314209,False,0.014229910714285714,0.24804887175559998,0.36847394704818726
372,112552,3,meningioma,meningioma,True,0.01943160076530612,0.07804049551486969,True,0.09392333030700684,False,0.026426977040816327,0.5203580856323242,0.6203045845031738
378,112552,3,meningioma,glioma,False,0.034498565051020405,0.12384873628616333,True,0.02971341833472252,False,0.04322783801020408,0.24974726140499115,0.1899985820055008
405,97607,3,meningioma,meningioma,True,0.01873405612244898,0.1821104735136032,True,0.14359913766384125,False,0.025151466836734693,0.9111950993537903,0.7888286113739014
501,103925,3,meningioma,pituitary,False,0.010263871173469387,0.016929712146520615,False,0.013893991708755493,False,0.015326052295918368,-0.14641252160072327,-0.1508994698524475
594,111532,3,meningioma,meningioma,True,0.019650829081632654,0.15304286777973175,True,0.15175391733646393,True,0.02658641581632653,0.5773792862892151,0.7133788466453552
667,97607,3,meningioma,pituitary,False,0.011021205357142858,0.0831669494509697,True,0.0005307475221343338,False,0.01598373724489796,0.14447428286075592,0.1930028647184372
922,106062,3,pituitary,pituitary,True,0.013173628826530613,0.033295124769210815,False,0.022354723885655403,False,0.0184749681122449,0.7320145964622498,0.6557521820068359
994,112074,3,pituitary,pituitary,True,0.009785554846938776,0.053383149206638336,True,0.020421810448169708,False,0.014508928571428572,0.6811493635177612,0.4626411199569702
1073,108931,3,pituitary,pituitary,True,0.005341198979591837,0.018953217193484306,False,0.0027377083897590637,False,0.009526466836734694,0.7488030195236206,0.6573451161384583
1083,109769,3,pituitary,pituitary,True,0.007732780612244898,0.014739076606929302,False,0.010646868497133255,False,0.012037627551020409,0.5764955282211304,0.6574003100395203
1206,108931,3,pituitary,pituitary,True,0.0029296875,0.004183809272944927,False,0.000519701570738107,False,0.005799585459183673,0.6333394050598145,0.6557366251945496
1233,111075,3,pituitary,pituitary,True,0.005082110969387755,0.00396095123142004,False,0.004208344500511885,False,0.008549904336734694,0.6086241602897644,0.6573279500007629
1531,103837,3,pituitary,pituitary,True,0.01132015306122449,0.02110179513692856,False,0.024848509579896927,False,0.01700015943877551,0.66843181848526,0.6534027457237244
1566,105538,3,pituitary,meningioma,False,0.0027503188775510204,0.012876627966761589,False,0.0,False,0.005560427295918368,-0.31261181831359863,-0.32865801453590393
1641,101017,3,pituitary,pituitary,True,0.0078125,0.0051341294310987,False,0.005385193508118391,False,0.012356505102040817,0.5743042826652527,0.6574648022651672
1661,101724,3,pituitary,pituitary,True,0.002730389030612245,0.0025098829064518213,False,8.458738011540845e-05,False,0.005361128826530612,0.5053039193153381,0.5425770878791809
1896,MR048944B,3,glioma,glioma,True,0.016840720663265307,0.041440390050411224,False,0.03421530872583389,False,0.0235172193877551,0.3852744400501251,0.5342098474502563
2067,MR051644C,3,glioma,glioma,True,0.013950892857142858,0.02775835059583187,False,0.029669221490621567,False,0.019690688775510203,0.3839222192764282,0.5343401432037354
2097,MR054683,3,glioma,glioma,True,0.0012356505102040817,0.0016757488483563066,False,0.00429632980376482,False,0.0030891262755102043,0.505362868309021,0.3791285455226898
2237,MR024780B,3,glioma,glioma,True,0.005939094387755102,0.011873365379869938,False,0.007987572811543941,False,0.009705835459183673,0.6897582411766052,0.5342272520065308
2457,MR040240B,3,glioma,glioma,True,0.05408960459183673,0.11786103248596191,False,0.17841558158397675,True,0.06533003826530612,0.5521833896636963,0.5338718891143799
2607,MR051644C,3,glioma,glioma,True,0.037009725765306124,0.09714055061340332,True,0.12435838580131531,True,0.045998086734693876,0.5274873971939087,0.5341098308563232
2699,MR032322C,3,glioma,glioma,True,0.04009885204081633,0.09841012954711914,False,0.03956080973148346,False,0.05084103954081633,0.7105234265327454,0.5316436290740967
2703,MR037458B,3,glioma,glioma,True,0.0065170599489795915,0.017781950533390045,False,0.0036978020798414946,False,0.010582748724489796,0.7100879549980164,0.45174530148506165
2886,MR024780G,3,glioma,glioma,True,0.011439732142857142,0.019809741526842117,False,0.025992698967456818,False,0.01700015943877551,0.39395424723625183,0.534308671951294
2983,MR051644C,3,glioma,glioma,True,0.019112723214285716,0.05665750801563263,False,0.04940841346979141,False,0.027722417091836735,0.5508540272712708,0.5338361263275146
3041,MR024780E,3,glioma,glioma,True,0.002551020408163265,0.0062650106847286224,False,0.01008694525808096,False,0.005719866071428571,0.43245670199394226,0.5337392091751099
3051,MR017260F,3,glioma,glioma,True,0.0359733737244898,0.061172522604465485,False,0.10712580382823944,True,0.04468271683673469,0.4811434745788574,0.5327386856079102
123,109968,4,meningioma,meningioma,True,0.012276785714285714,0.03868059068918228,False,0.020506056025624275,False,0.017558195153061226,0.43311941623687744,0.5107935667037964
173,114359,4,meningioma,glioma,False,0.02907764668367347,0.1295877993106842,True,0.16790929436683655,False,0.03730867346938776,-0.07446180284023285,-0.022769808769226074
185,97875,4,meningioma,meningioma,True,0.007832429846938776,0.049950581043958664,True,0.04408862441778183,False,0.012197066326530613,0.44473275542259216,0.44098564982414246
339,108945,4,meningioma,meningioma,True,0.009626116071428572,0.07095122337341309,True,0.06817563623189926,False,0.0146484375,0.6021972298622131,0.5791158676147461
417,97875,4,meningioma,meningioma,True,0.0042849170918367345,0.02315179444849491,False,0.017159361392259598,False,0.007692920918367347,0.6534661650657654,0.5910557508468628
467,101797,4,meningioma,pituitary,False,0.022899394132653062,0.11078762263059616,False,0.21950066089630127,True,0.0301937181122449,0.08699391782283783,0.01122438907623291
623,113098,4,meningioma,meningioma,True,0.027363679846938774,0.04690437763929367,False,0.05255334451794624,False,0.03501674107142857,0.3830123543739319,0.4885251820087433
893,94731,4,glioma,meningioma,False,0.006696428571428571,0.03003569319844246,False,0.0,False,0.010981345663265306,0.2854348421096802,-0.16871590912342072
1093,109898,4,pituitary,pituitary,True,0.007792570153061225,0.01948481611907482,False,0.00751841627061367,False,0.012396364795918368,0.6074830889701843,0.7136032581329346
1122,111125,4,pituitary,pituitary,True,0.010064572704081632,0.03342503309249878,True,0.013862712308764458,False,0.014927455357142858,0.667875349521637,0.7172776460647583
1187,107429,4,pituitary,pituitary,True,0.019411670918367346,0.03900935500860214,False,0.03691396489739418,False,0.0262874681122449,0.4971413016319275,0.7144531011581421
1254,112649,4,pituitary,pituitary,True,0.005341198979591837,0.0057581327855587006,False,0.004278720356523991,False,0.008928571428571428,0.854692816734314,0.7171808481216431
1269,113274,4,pituitary,pituitary,True,0.0027901785714285715,0.0030520251020789146,False,0.0028970653656870127,False,0.0054807079081632655,0.916938304901123,0.6975594758987427
1285,101145,4,pituitary,pituitary,True,0.002152423469387755,0.014372799545526505,True,0.0068724313750863075,False,0.004603794642857143,0.6416361927986145,0.7162902355194092
1672,102669,4,pituitary,pituitary,True,0.0013352997448979591,0.004018603824079037,False,0.0015156815061345696,False,0.0033681441326530613,0.6875519752502441,0.7172189950942993
1960,MR050135B,4,glioma,glioma,True,0.0185546875,0.02343088388442993,False,0.05977920815348625,True,0.02513153698979592,0.5079475045204163,0.6280770897865295
2094,MR034694,4,glioma,glioma,True,0.017458545918367346,0.03248774632811546,False,0.041068922728300095,False,0.02369658801020408,0.7293131351470947,0.6282762289047241
2138,MR049019G,4,glioma,glioma,True,0.027044802295918366,0.0661107674241066,False,0.10264763981103897,False,0.03575414540816327,0.5703812837600708,0.6282192468643188
2200,MR040240,4,glioma,glioma,True,0.025091677295918366,0.058780353516340256,False,0.03635513782501221,False,0.03266501913265306,0.6075611114501953,0.6263566017150879
2201,MR040240,4,glioma,glioma,True,0.021045918367346938,0.03755449503660202,False,0.041050542145967484,False,0.02810108418367347,0.7410106658935547,0.627692699432373
2227,MR036496B,4,glioma,glioma,True,0.017578125,0.021022064611315727,False,0.044561225920915604,False,0.024115114795918366,0.6519941091537476,0.6282541751861572
2351,MR026175E,4,glioma,glioma,True,0.01189811862244898,0.025474337860941887,False,0.022537417709827423,False,0.01731903698979592,0.29485610127449036,0.5858400464057922
2499,MR026175E,4,glioma,glioma,True,0.0036870216836734694,0.01183885708451271,False,0.011774160899221897,False,0.006796077806122449,0.4844854176044464,0.5636723041534424
2531,MR029209I,4,glioma,glioma,True,0.01634247448979592,0.035500235855579376,False,0.059016648679971695,False,0.02431441326530612,0.6164819002151489,0.6276680827140808
2788,MR040240,4,glioma,pituitary,False,0.014568718112244899,0.0456249937415123,False,7.981483577168547e-06,False,0.020368303571428572,0.04550820589065552,-0.17246465384960175
