idx,shap_similarity_trained_vs_random,cam_similarity_trained_vs_random,random_shap_energy_in_mask,trained_shap_energy_in_mask
202,,0.12459238215487761,,0.07612745463848114
249,,0.10165981297173184,,0.02975705824792385
271,,0.2238415798316997,,0.10931017249822617
298,,0.028569865877449984,,0.011282679624855518
325,,-0.0823213028112982,,0.06519119441509247
193,0.8077474254948165,0.04868703321769542,0.10859806835651398,0.22595742344856262
225,0.801873443884313,0.19533412177508008,0.11448095738887787,0.24582313001155853
255,0.7473794235104435,-0.26456954928015314,0.04723069444298744,0.034240663051605225
257,0.7368384816627879,0.16163962974821502,0.07277679443359375,0.059065528213977814
334,0.8108186605784172,0.189371578427819,0.012569333426654339,0.023596569895744324
90,0.7669582493631258,0.1652872592490786,0.031964439898729324,0.12764710187911987
128,0.7991706161902142,0.1608984756529061,0.019721800461411476,0.039436277002096176
141,0.8397515075338753,0.2568855396265814,0.03092299960553646,0.07013987749814987
240,0.8536078346792821,0.2287909890221107,0.008195829577744007,0.013105233199894428
284,0.7810464868514749,0.23836523563229753,0.015198484063148499,0.022264039143919945
133,0.7867681074116487,0.4266925803282769,0.06929679214954376,0.22429601848125458
266,0.7921218876594014,-0.17194357152906253,0.029632262885570526,0.0372956246137619
372,0.8037252820026477,0.03330514570971339,0.03572186455130577,0.07804049551486969
378,0.7251150187475413,-0.41276833783089795,0.040049418807029724,0.12384873628616333
405,0.7103670704513431,0.5298314364303836,0.0390208438038826,0.1821104735136032
123,0.7060756860653529,0.08949850204429825,0.02039201557636261,0.03868059068918228
173,0.7164668119288489,0.21325828752417397,0.0447956845164299,0.1295877993106842
185,0.748649701600982,0.3093438018440282,0.026681069284677505,0.049950581043958664
339,0.7189184286536182,0.5027504288938427,0.02436499483883381,0.07095122337341309
417,0.7072313266052018,0.1615180929864373,0.017430905252695084,0.02315179444849491
